FanLevel,SensorSensitivity,TrueDetectionRate,FalseAlarm
0,1,0.516,8.1
0,1,0.468,5.4
0,1,0.515,6
0,1,0.528,5.4
0,1,0.5,6.5
0,1,0.512,4.9
0,1,0.533,6.8
0,1,0.499,4.4
0,1,0.553,6.9
0,1,0.508,6
0,1,0.515,7.3
0,1,0.552,6.9
0,1,0.523,6.8
0,1,0.509,6.9
0,1,0.51,5.8
0,1,0.512,5.8
0,1,0.514,5.8
0,1,0.523,6.1
0,1,0.549,6.4
0,1,0.547,4.1
0,1,0.497,5.7
0,1,0.523,5.8
0,1,0.5,7.3
0,1,0.524,6.3
0,1,0.498,4
0,1,0.535,6.7
0,1,0.532,7.3
0,1,0.524,6.5
0,1,0.505,7.5
0,1,0.529,5.8
0,1,0.548,4.1
0,1,0.52,5
0,1,0.505,8.6
0,1,0.553,5.4
0,1,0.513,4.7
0,1,0.531,6.6
0,1,0.529,6.7
0,1,0.542,7.6
0,1,0.508,6.7
0,1,0.483,5.1
0,1,0.485,6.8
0,1,0.558,7.1
0,1,0.508,4.7
0,1,0.538,5.4
0,1,0.519,5
0,1,0.516,5.4
0,1,0.502,7.5
0,1,0.527,6.1
0,1,0.496,7
0,1,0.53,7.3
0,2,0.594,10
0,2,0.58,7
0,2,0.594,10
0,2,0.629,8.9
0,2,0.592,11.6
0,2,0.553,11.3
0,2,0.61,6.5
0,2,0.604,8.7
0,2,0.591,9.6
0,2,0.596,9.8
0,2,0.597,7.2
0,2,0.63,9.2
0,2,0.593,7.6
0,2,0.59,8.5
0,2,0.6,11
0,2,0.596,8.4
0,2,0.573,9.9
0,2,0.624,8.7
0,2,0.592,10
0,2,0.59,8.4
0,2,0.612,7.1
0,2,0.596,9.4
0,2,0.579,7.4
0,2,0.598,9.6
0,2,0.603,8.4
0,2,0.579,10.1
0,2,0.575,8.4
0,2,0.609,7.6
0,2,0.6,9.6
0,2,0.572,7.6
0,2,0.585,8.9
0,2,0.579,9.1
0,2,0.629,9.8
0,2,0.625,10.9
0,2,0.611,9.1
0,2,0.611,8.5
0,2,0.583,8.5
0,2,0.607,8.2
0,2,0.597,9.3
0,2,0.596,7.6
0,2,0.622,7.3
0,2,0.597,8.8
0,2,0.561,8.9
0,2,0.592,7.4
0,2,0.571,10.8
0,2,0.592,8.2
0,2,0.559,7
0,2,0.592,8.5
0,2,0.624,8.5
0,2,0.6,8.8
0,3,0.698,13.9
0,3,0.657,10.1
0,3,0.637,13.4
0,3,0.638,10.9
0,3,0.642,10.4
0,3,0.69,12.2
0,3,0.665,13.8
0,3,0.663,9.6
0,3,0.671,11.6
0,3,0.628,11.8
0,3,0.623,12.5
0,3,0.671,11.2
0,3,0.696,12.4
0,3,0.671,9.2
0,3,0.658,12.8
0,3,0.642,12.8
0,3,0.675,12.8
0,3,0.651,10.8
0,3,0.651,11.8
0,3,0.668,13.3
0,3,0.688,13.6
0,3,0.66,12.1
0,3,0.648,10.9
0,3,0.671,11
0,3,0.666,10.9
0,3,0.654,12.2
0,3,0.693,11.8
0,3,0.649,13.9
0,3,0.657,11.8
0,3,0.695,11.7
0,3,0.689,12.8
0,3,0.655,14.1
0,3,0.665,11.8
0,3,0.662,13.2
0,3,0.688,12.8
0,3,0.673,13.4
0,3,0.633,11.1
0,3,0.673,13.3
0,3,0.654,10.9
0,3,0.631,11.5
0,3,0.649,12.3
0,3,0.679,11.6
0,3,0.675,11.9
0,3,0.665,12.5
0,3,0.702,12.1
0,3,0.697,11.8
0,3,0.679,10.9
0,3,0.65,12.2
0,3,0.696,8.8
0,3,0.645,10.6
0,4,0.737,15.2
0,4,0.731,15.3
0,4,0.753,13.2
0,4,0.74,13.9
0,4,0.759,15.7
0,4,0.73,14.7
0,4,0.699,14.7
0,4,0.716,14.1
0,4,0.739,13.6
0,4,0.768,14.6
0,4,0.698,16.8
0,4,0.716,15.1
0,4,0.739,15.7
0,4,0.742,16.1
0,4,0.73,15.9
0,4,0.712,12
0,4,0.726,14
0,4,0.768,13.8
0,4,0.762,14.8
0,4,0.769,14.6
0,4,0.748,13.6
0,4,0.745,13.4
0,4,0.703,16.9
0,4,0.741,14
0,4,0.708,14.8
0,4,0.737,16.4
0,4,0.742,16.6
0,4,0.726,13.6
0,4,0.708,16.7
0,4,0.748,14.4
0,4,0.752,16.2
0,4,0.777,13.2
0,4,0.736,14.8
0,4,0.731,15
0,4,0.729,13.8
0,4,0.708,16.6
0,4,0.746,12.1
0,4,0.75,15.4
0,4,0.721,17.1
0,4,0.746,15.2
0,4,0.756,16.5
0,4,0.708,14
0,4,0.703,14.7
0,4,0.728,16.3
0,4,0.718,14.6
0,4,0.741,16.8
0,4,0.748,14.5
0,4,0.748,14.9
0,4,0.73,16.6
0,4,0.745,15.6
0,5,0.819,19.4
0,5,0.794,18
0,5,0.786,18.4
0,5,0.808,18.8
0,5,0.797,18.7
0,5,0.789,17
0,5,0.803,19.3
0,5,0.771,17.7
0,5,0.738,17.9
0,5,0.802,19.6
0,5,0.779,18
0,5,0.819,16.7
0,5,0.816,17.7
0,5,0.82,19.5
0,5,0.787,15.7
0,5,0.789,16.6
0,5,0.766,15.5
0,5,0.795,17.1
0,5,0.801,18.6
0,5,0.771,19.7
0,5,0.812,16.3
0,5,0.787,17.7
0,5,0.829,18.9
0,5,0.799,19.6
0,5,0.812,18
0,5,0.828,18.1
0,5,0.815,17.4
0,5,0.822,15.3
0,5,0.807,20
0,5,0.774,19.2
0,5,0.776,17.6
0,5,0.818,18.4
0,5,0.79,16.4
0,5,0.856,17.3
0,5,0.81,17.9
0,5,0.813,18.4
0,5,0.78,17.7
0,5,0.84,17.2
0,5,0.8,18.3
0,5,0.806,16.4
0,5,0.794,18
0,5,0.795,19.1
0,5,0.824,17.8
0,5,0.83,18.3
0,5,0.798,17.7
0,5,0.811,18.6
0,5,0.815,19.4
0,5,0.816,18
0,5,0.785,18.8
0,5,0.8,17.8
0,6,0.869,22.4
0,6,0.853,22.3
0,6,0.9,20.9
0,6,0.902,20.7
0,6,0.879,18.6
0,6,0.876,21.2
0,6,0.892,19.2
0,6,0.898,18.2
0,6,0.898,21.4
0,6,0.856,20.7
0,6,0.869,20.4
0,6,0.872,21.7
0,6,0.888,21.5
0,6,0.839,22.7
0,6,0.892,20.5
0,6,0.868,21.8
0,6,0.877,20.7
0,6,0.868,21.2
0,6,0.856,20.2
0,6,0.907,20.6
0,6,0.898,19.9
0,6,0.883,23.3
0,6,0.876,23.9
0,6,0.878,23
0,6,0.886,19.6
0,6,0.867,23.3
0,6,0.859,21.6
0,6,0.888,20
0,6,0.891,20.8
0,6,0.856,22.6
0,6,0.88,20.2
0,6,0.873,23.8
0,6,0.888,20.5
0,6,0.868,23.6
0,6,0.881,20.7
0,6,0.923,22
0,6,0.847,19.6
0,6,0.891,21.3
0,6,0.868,18.4
0,6,0.87,22.2
0,6,0.884,21.7
0,6,0.889,21.9
0,6,0.905,21.4
0,6,0.883,20.4
0,6,0.869,22.5
0,6,0.866,20.7
0,6,0.921,20
0,6,0.918,21.7
0,6,0.882,22
0,6,0.886,20.8
0,7,0.97,24.1
0,7,0.955,23.1
0,7,0.948,24.7
0,7,0.963,23.8
0,7,0.95,24.8
0,7,0.941,24.1
0,7,0.95,24.8
0,7,0.946,22.2
0,7,0.958,24.9
0,7,0.966,23
0,7,0.964,24.8
0,7,0.945,25.9
0,7,0.946,24.8
0,7,0.975,25.3
0,7,0.966,24.7
0,7,0.964,23.1
0,7,0.994,22.6
0,7,0.92,25.4
0,7,0.977,20.9
0,7,0.962,23
0,7,0.952,22.5
0,7,0.962,23.3
0,7,0.98,23.6
0,7,0.976,23.1
0,7,0.961,24
0,7,0.915,22.1
0,7,0.926,25.3
0,7,0.944,23.6
0,7,0.954,22.9
0,7,0.926,22.3
0,7,0.934,25.1
0,7,0.963,24.9
0,7,0.959,25.8
0,7,0.937,21.8
0,7,0.975,23.5
0,7,0.94,24.4
0,7,0.943,24.5
0,7,0.953,24.7
0,7,0.957,25.3
0,7,0.95,25.2
0,7,0.947,24.9
0,7,0.954,24.8
0,7,0.942,23.9
0,7,0.959,23.7
0,7,0.975,21.2
0,7,0.946,21.2
0,7,0.965,23.6
0,7,0.949,24.3
0,7,0.969,24.1
0,7,0.958,26.8
0,8,0.93,24.5
0,8,1,27.5
0,8,0.931,26.1
0,8,0.944,27.7
0,8,0.957,25.4
0,8,0.933,25.4
0,8,0.912,28.6
0,8,0.971,26.6
0,8,0.917,26.7
0,8,0.955,26.3
0,8,0.925,25.1
0,8,0.915,25.2
0,8,0.936,28.5
0,8,0.947,26.5
0,8,0.914,26.1
0,8,0.956,28.4
0,8,0.952,26
0,8,0.948,28.8
0,8,0.913,27.6
0,8,0.9,26.8
0,8,0.935,28.3
0,8,0.922,28.6
0,8,0.906,28.1
0,8,0.949,26.5
0,8,0.937,27.4
0,8,0.965,25
0,8,0.961,27.8
0,8,0.93,28.4
0,8,0.991,27.5
0,8,0.946,26
0,8,0.973,26.3
0,8,0.917,27.2
0,8,0.91,26.3
0,8,0.883,24.2
0,8,0.915,26.1
0,8,0.921,27.2
0,8,0.974,27.3
0,8,0.913,25.6
0,8,0.985,28.2
0,8,0.904,25.9
0,8,0.93,26.6
0,8,0.916,27.9
0,8,0.932,26.7
0,8,0.906,25.1
0,8,0.949,27.5
0,8,0.97,26
0,8,0.947,28.1
0,8,0.945,27.7
0,8,0.955,27.9
0,8,0.896,27.1
0,9,0.909,29.8
0,9,0.938,28.5
0,9,0.943,27.8
0,9,0.901,29.2
0,9,0.973,28.9
0,9,0.92,31.8
0,9,0.962,31.3
0,9,0.92,28.9
0,9,0.934,31.1
0,9,0.959,29.5
0,9,0.942,30.6
0,9,0.936,32.9
0,9,0.932,33.2
0,9,0.928,29.8
0,9,0.939,31.1
0,9,0.896,30.4
0,9,0.92,28.7
0,9,0.955,30.9
0,9,0.923,27
0,9,0.924,29.4
0,9,0.908,30.2
0,9,0.946,28.4
0,9,0.917,30.9
0,9,0.912,29.8
0,9,0.939,28.3
0,9,0.903,29.2
0,9,0.959,29.2
0,9,0.93,30.5
0,9,0.943,30.1
0,9,0.899,30.9
0,9,0.912,29.7
0,9,0.924,30.2
0,9,0.949,27.5
0,9,0.89,30.3
0,9,0.928,31.4
0,9,0.926,30.5
0,9,0.915,30.2
0,9,0.913,27.9
0,9,0.926,30.2
0,9,0.923,30.7
0,9,0.94,27.2
0,9,0.897,28.9
0,9,0.897,29.5
0,9,0.906,30.4
0,9,0.92,32.3
0,9,0.911,29.2
0,9,0.907,27.3
0,9,0.918,29
0,9,0.925,27.2
0,9,0.916,31.5
1,1,0.513,17.9
1,1,0.496,16.9
1,1,0.509,19.1
1,1,0.469,16.4
1,1,0.514,20.7
1,1,0.508,16
1,1,0.508,18.8
1,1,0.542,15.7
1,1,0.501,18.7
1,1,0.501,18.8
1,1,0.524,17.6
1,1,0.526,15.6
1,1,0.521,18.5
1,1,0.538,19.1
1,1,0.524,19.8
1,1,0.52,17.5
1,1,0.487,17.4
1,1,0.514,18.6
1,1,0.463,19.5
1,1,0.52,18.8
1,1,0.537,18.2
1,1,0.513,17
1,1,0.506,17.6
1,1,0.504,16.9
1,1,0.509,18.9
1,1,0.491,18.5
1,1,0.493,20
1,1,0.519,18.1
1,1,0.522,17.8
1,1,0.541,18.3
1,1,0.515,18.7
1,1,0.516,17.1
1,1,0.515,19.3
1,1,0.496,16.9
1,1,0.507,17.8
1,1,0.545,16.4
1,1,0.509,17.9
1,1,0.506,17.5
1,1,0.487,20.4
1,1,0.486,17.4
1,1,0.537,17.4
1,1,0.497,17.3
1,1,0.499,15.8
1,1,0.497,18.3
1,1,0.523,17.5
1,1,0.504,18.7
1,1,0.476,17.1
1,1,0.475,20.1
1,1,0.502,18.8
1,1,0.524,17.1
1,2,0.638,22.1
1,2,0.622,21.8
1,2,0.593,24.6
1,2,0.63,25.6
1,2,0.64,20.4
1,2,0.607,25.3
1,2,0.62,22.8
1,2,0.616,20.7
1,2,0.601,24.2
1,2,0.657,24.4
1,2,0.576,20.7
1,2,0.625,22.2
1,2,0.594,23.5
1,2,0.598,21.7
1,2,0.593,25.1
1,2,0.632,22.3
1,2,0.592,22.7
1,2,0.619,24.8
1,2,0.605,22.2
1,2,0.605,24.2
1,2,0.63,23.3
1,2,0.576,24.2
1,2,0.606,22.5
1,2,0.628,23.2
1,2,0.604,24.5
1,2,0.617,21.7
1,2,0.648,22.3
1,2,0.614,23.5
1,2,0.6,24.3
1,2,0.61,22.7
1,2,0.639,23.9
1,2,0.628,24
1,2,0.621,22.8
1,2,0.636,22.8
1,2,0.612,22.3
1,2,0.629,23.4
1,2,0.609,22.2
1,2,0.586,22.1
1,2,0.622,24.4
1,2,0.594,21.3
1,2,0.601,23.7
1,2,0.638,21.8
1,2,0.606,22.5
1,2,0.599,23.7
1,2,0.616,23.1
1,2,0.598,23.9
1,2,0.62,24.4
1,2,0.617,25.2
1,2,0.602,22.4
1,2,0.613,21.7
1,3,0.737,28
1,3,0.702,28.1
1,3,0.71,29.3
1,3,0.748,28.4
1,3,0.704,29.6
1,3,0.745,27.9
1,3,0.729,29.2
1,3,0.675,29.1
1,3,0.689,27.7
1,3,0.71,27.2
1,3,0.742,28.6
1,3,0.723,28.9
1,3,0.743,27.6
1,3,0.682,28.3
1,3,0.727,27.9
1,3,0.722,26.8
1,3,0.712,29.8
1,3,0.716,27.9
1,3,0.707,26.8
1,3,0.711,26.7
1,3,0.736,27
1,3,0.734,27.8
1,3,0.716,26.4
1,3,0.731,28.6
1,3,0.714,27.2
1,3,0.71,28
1,3,0.727,27.4
1,3,0.68,26.5
1,3,0.722,27.3
1,3,0.744,25.1
1,3,0.728,28
1,3,0.716,26.9
1,3,0.754,30.1
1,3,0.711,28.7
1,3,0.743,27.8
1,3,0.698,27.1
1,3,0.735,27.8
1,3,0.724,26.6
1,3,0.719,28.4
1,3,0.735,27.7
1,3,0.687,28.6
1,3,0.726,29.8
1,3,0.709,28.3
1,3,0.665,27.5
1,3,0.728,27.6
1,3,0.702,28.6
1,3,0.693,25
1,3,0.742,27.5
1,3,0.716,25.9
1,3,0.728,28.6
1,4,0.765,32.7
1,4,0.824,33.6
1,4,0.803,33.5
1,4,0.852,32.3
1,4,0.822,32.8
1,4,0.848,32
1,4,0.812,30.9
1,4,0.821,33.4
1,4,0.831,34
1,4,0.818,34.7
1,4,0.828,32.8
1,4,0.851,30.8
1,4,0.846,31.8
1,4,0.844,34.7
1,4,0.81,33.2
1,4,0.835,30.4
1,4,0.858,32.7
1,4,0.836,32.6
1,4,0.832,32.5
1,4,0.82,32.5
1,4,0.809,30.7
1,4,0.849,32.8
1,4,0.799,33.3
1,4,0.831,34.9
1,4,0.805,34.3
1,4,0.808,29
1,4,0.829,31.7
1,4,0.805,31.1
1,4,0.826,31.3
1,4,0.851,31.8
1,4,0.841,33.9
1,4,0.828,32.7
1,4,0.807,34
1,4,0.822,34.5
1,4,0.87,34.5
1,4,0.802,34.9
1,4,0.817,34.5
1,4,0.819,32.5
1,4,0.829,31.6
1,4,0.847,32.1
1,4,0.771,33.4
1,4,0.803,31.8
1,4,0.81,32.1
1,4,0.82,33.2
1,4,0.833,31.7
1,4,0.824,34.1
1,4,0.832,34.4
1,4,0.816,32.3
1,4,0.835,33
1,4,0.844,33.2
1,5,0.909,39.4
1,5,0.928,36.6
1,5,0.948,38.5
1,5,0.942,38.8
1,5,0.937,36.9
1,5,0.938,37.2
1,5,0.916,39.1
1,5,0.979,37.7
1,5,0.92,37.1
1,5,0.901,36.7
1,5,0.916,39.2
1,5,0.914,37.2
1,5,0.945,34.6
1,5,0.929,37.3
1,5,0.927,39.6
1,5,0.933,38.1
1,5,0.903,39.5
1,5,0.886,37.3
1,5,0.943,38
1,5,0.97,37.5
1,5,0.97,39.2
1,5,0.967,38.2
1,5,0.939,37.4
1,5,0.922,38.2
1,5,0.957,40
1,5,0.945,37.2
1,5,0.934,38.2
1,5,0.921,38.8
1,5,0.937,38.3
1,5,0.921,37.3
1,5,0.932,39.1
1,5,0.974,40.9
1,5,0.937,37.2
1,5,0.918,35.6
1,5,0.915,36.9
1,5,0.936,35.4
1,5,0.914,38.2
1,5,0.949,37.9
1,5,0.903,39.9
1,5,0.895,39.9
1,5,0.922,37
1,5,0.942,39.9
1,5,0.961,38.7
1,5,0.921,38.3
1,5,0.925,39.8
1,5,0.895,36.5
1,5,0.968,38.2
1,5,0.931,38.9
1,5,0.9,39.5
1,5,0.919,38.5
1,6,0.901,44.7
1,6,0.922,44
1,6,0.932,43
1,6,0.947,42.8
1,6,0.874,42.7
1,6,0.945,44.7
1,6,0.946,43.6
1,6,0.901,43.8
1,6,0.897,40.5
1,6,0.928,42.6
1,6,0.9,41.3
1,6,0.904,44.8
1,6,0.899,42.1
1,6,0.934,45
1,6,0.951,44.1
1,6,0.945,44.2
1,6,0.935,43.4
1,6,0.932,43.8
1,6,0.914,41.6
1,6,0.905,42.5
1,6,0.954,42.9
1,6,0.92,44.1
1,6,0.946,43.4
1,6,0.926,41.5
1,6,0.954,45
1,6,0.929,44.1
1,6,0.903,40.8
1,6,0.925,42.9
1,6,0.871,43.5
1,6,0.923,42.3
1,6,0.913,42
1,6,0.924,43.6
1,6,0.932,43.2
1,6,0.912,44.3
1,6,0.903,41.7
1,6,0.917,42.4
1,6,0.902,41.2
1,6,0.945,42.7
1,6,0.915,43.6
1,6,0.921,44
1,6,0.939,43.3
1,6,0.921,43.4
1,6,0.907,43.9
1,6,0.876,43
1,6,0.949,42.5
1,6,0.918,42.6
1,6,0.897,42.5
1,6,0.917,43.6
1,6,0.9,44.3
1,6,0.911,43
1,7,0.928,47.3
1,7,0.892,47.1
1,7,0.905,51
1,7,0.915,47.8
1,7,0.913,46.8
1,7,0.897,46.6
1,7,0.933,47.3
1,7,0.943,48.8
1,7,0.892,50
1,7,0.897,48.6
1,7,0.93,47.2
1,7,0.909,49.7
1,7,0.912,48.4
1,7,0.913,48.4
1,7,0.918,46.8
1,7,0.882,47.2
1,7,0.911,47.8
1,7,0.914,49
1,7,0.893,48.4
1,7,0.91,48.5
1,7,0.891,48.4
1,7,0.921,50
1,7,0.908,48.8
1,7,0.925,47.7
1,7,0.897,46.4
1,7,0.917,47.6
1,7,0.934,47.6
1,7,0.937,45.9
1,7,0.925,48.4
1,7,0.927,47.4
1,7,0.911,47.6
1,7,0.917,46.2
1,7,0.868,48.1
1,7,0.899,47.9
1,7,0.892,49
1,7,0.932,48.2
1,7,0.943,46.9
1,7,0.901,48.3
1,7,0.87,46.3
1,7,0.897,49.1
1,7,0.927,47.2
1,7,0.908,48.8
1,7,0.867,46.2
1,7,0.905,49.1
1,7,0.944,47.7
1,7,0.913,47.5
1,7,0.918,50.6
1,7,0.889,47.3
1,7,0.881,49.5
1,7,0.939,49
1,8,0.911,52.9
1,8,0.923,53.1
1,8,0.88,53.3
1,8,0.897,53.4
1,8,0.889,52.3
1,8,0.877,51.6
1,8,0.857,53.8
1,8,0.894,53.3
1,8,0.922,52.3
1,8,0.882,53.8
1,8,0.913,53.3
1,8,0.899,51.1
1,8,0.902,52.7
1,8,0.881,55.6
1,8,0.87,52.6
1,8,0.907,53.3
1,8,0.924,50
1,8,0.841,54.9
1,8,0.904,51.2
1,8,0.918,53.1
1,8,0.92,52.7
1,8,0.903,51.4
1,8,0.885,52.5
1,8,0.886,50.9
1,8,0.882,54.7
1,8,0.897,52.8
1,8,0.9,51.9
1,8,0.89,53.7
1,8,0.926,50.8
1,8,0.894,53.1
1,8,0.883,52.8
1,8,0.894,51
1,8,0.915,53.2
1,8,0.88,55
1,8,0.897,55
1,8,0.875,53.8
1,8,0.876,53.5
1,8,0.87,53.9
1,8,0.887,53.1
1,8,0.9,53.5
1,8,0.885,53.3
1,8,0.907,54.1
1,8,0.91,52.1
1,8,0.897,52.3
1,8,0.893,53
1,8,0.859,54
1,8,0.86,54.6
1,8,0.907,54.6
1,8,0.903,51.3
1,8,0.872,52.7
1,9,0.906,59.6
1,9,0.918,58.6
1,9,0.879,58.3
1,9,0.869,59.7
1,9,0.907,59.1
1,9,0.887,58.4
1,9,0.889,58.7
1,9,0.812,57.3
1,9,0.855,57.5
1,9,0.875,59.3
1,9,0.9,58.4
1,9,0.866,59.4
1,9,0.903,60.8
1,9,0.866,58.9
1,9,0.898,60.6
1,9,0.879,59.5
1,9,0.915,60.5
1,9,0.925,58
1,9,0.902,56.9
1,9,0.898,58.9
1,9,0.877,57.3
1,9,0.906,59.3
1,9,0.879,58.1
1,9,0.911,57.5
1,9,0.872,57.9
1,9,0.847,55.8
1,9,0.842,56.7
1,9,0.876,57.5
1,9,0.874,56.8
1,9,0.846,57.9
1,9,0.826,58.9
1,9,0.852,60.4
1,9,0.875,58
1,9,0.867,58.5
1,9,0.85,58.6
1,9,0.876,58.9
1,9,0.903,58.5
1,9,0.87,56.5
1,9,0.88,57.1
1,9,0.897,58.2
1,9,0.879,58.3
1,9,0.903,58.7
1,9,0.924,59.2
1,9,0.887,57.2
1,9,0.868,56.4
1,9,0.907,58.8
1,9,0.891,57.4
1,9,0.892,58.1
1,9,0.872,58.3
1,9,0.852,55.3
2,1,0.493,38.5
2,1,0.496,40.5
2,1,0.471,39.1
2,1,0.499,36.3
2,1,0.503,40
2,1,0.503,37.6
2,1,0.504,38.8
2,1,0.474,38
2,1,0.485,36.6
2,1,0.469,37.8
2,1,0.507,39.9
2,1,0.51,37.4
2,1,0.5,40.9
2,1,0.516,38.3
2,1,0.484,36.4
2,1,0.511,37.1
2,1,0.502,36
2,1,0.489,37.4
2,1,0.525,37.3
2,1,0.471,37
2,1,0.483,38.4
2,1,0.494,38.6
2,1,0.496,38
2,1,0.454,36
2,1,0.471,40.4
2,1,0.472,38.6
2,1,0.49,37.9
2,1,0.491,39.7
2,1,0.466,36.1
2,1,0.512,38.4
2,1,0.538,40.4
2,1,0.493,36.3
2,1,0.501,36.5
2,1,0.458,39
2,1,0.509,39
2,1,0.483,37.7
2,1,0.492,40
2,1,0.497,36.7
2,1,0.509,39.2
2,1,0.468,35.6
2,1,0.498,37.5
2,1,0.47,38.2
2,1,0.504,39.1
2,1,0.476,36.1
2,1,0.464,37.9
2,1,0.498,38
2,1,0.507,37.5
2,1,0.482,40.2
2,1,0.486,38.6
2,1,0.52,39.8
2,2,0.618,45
2,2,0.629,45.9
2,2,0.61,43.5
2,2,0.674,44.8
2,2,0.658,46.3
2,2,0.658,46.1
2,2,0.608,46.8
2,2,0.643,45.7
2,2,0.638,45.6
2,2,0.634,42
2,2,0.649,43.4
2,2,0.625,44.4
2,2,0.589,44.9
2,2,0.605,44.8
2,2,0.619,46.1
2,2,0.655,43.6
2,2,0.61,44.6
2,2,0.626,44.9
2,2,0.61,45.3
2,2,0.636,46.3
2,2,0.641,46.9
2,2,0.651,43.8
2,2,0.632,44.7
2,2,0.605,42
2,2,0.652,46.6
2,2,0.637,42.9
2,2,0.655,45.4
2,2,0.595,43.7
2,2,0.617,45.4
2,2,0.612,44.3
2,2,0.613,46.5
2,2,0.643,46.2
2,2,0.65,44.2
2,2,0.637,46.5
2,2,0.645,44.7
2,2,0.64,44.1
2,2,0.603,46.9
2,2,0.645,42.8
2,2,0.621,44
2,2,0.618,45.2
2,2,0.611,45.2
2,2,0.629,44.4
2,2,0.622,45.7
2,2,0.642,45.4
2,2,0.628,45.6
2,2,0.615,46.6
2,2,0.65,46.3
2,2,0.62,46.1
2,2,0.64,46.2
2,2,0.624,43.7
2,3,0.773,50.4
2,3,0.784,53.7
2,3,0.745,50.8
2,3,0.762,51.8
2,3,0.759,52.9
2,3,0.755,53.4
2,3,0.737,53.3
2,3,0.766,51.4
2,3,0.776,53
2,3,0.74,51
2,3,0.764,52
2,3,0.765,51.6
2,3,0.776,50.4
2,3,0.748,53.2
2,3,0.79,51
2,3,0.75,53.3
2,3,0.731,51.2
2,3,0.77,52.6
2,3,0.811,52.1
2,3,0.763,51.8
2,3,0.762,52.3
2,3,0.762,53.4
2,3,0.811,52.2
2,3,0.742,51.4
2,3,0.754,52.2
2,3,0.77,51.3
2,3,0.735,53.1
2,3,0.724,51.8
2,3,0.745,53.1
2,3,0.801,52.8
2,3,0.774,53.6
2,3,0.803,49.6
2,3,0.781,51.5
2,3,0.76,51.4
2,3,0.732,53.9
2,3,0.759,50.5
2,3,0.715,53.3
2,3,0.757,53.5
2,3,0.818,52.8
2,3,0.787,52.6
2,3,0.759,53.7
2,3,0.762,52.2
2,3,0.759,52.3
2,3,0.753,51.4
2,3,0.738,52.9
2,3,0.793,52.1
2,3,0.73,50.3
2,3,0.749,52.8
2,3,0.778,51.1
2,3,0.751,52.4
2,4,0.87,58.6
2,4,0.898,58.3
2,4,0.912,59.7
2,4,0.899,61.1
2,4,0.906,60.2
2,4,0.906,57.8
2,4,0.914,59.4
2,4,0.903,59.6
2,4,0.894,57.9
2,4,0.913,59.4
2,4,0.907,60
2,4,0.929,59.8
2,4,0.889,59.3
2,4,0.901,57.3
2,4,0.893,59.7
2,4,0.883,60.8
2,4,0.899,58.6
2,4,0.92,57.5
2,4,0.876,58.1
2,4,0.918,56.8
2,4,0.879,60.5
2,4,0.89,57.3
2,4,0.889,58.9
2,4,0.878,59.5
2,4,0.907,61.4
2,4,0.891,60.2
2,4,0.933,60.1
2,4,0.902,58.1
2,4,0.908,60.2
2,4,0.89,58
2,4,0.906,59.7
2,4,0.906,58.2
2,4,0.901,56.3
2,4,0.919,60.1
2,4,0.905,58.5
2,4,0.897,59.3
2,4,0.871,58
2,4,0.874,58.2
2,4,0.922,56.4
2,4,0.884,57.1
2,4,0.861,58
2,4,0.861,59.1
2,4,0.867,60.8
2,4,0.891,57.7
2,4,0.894,58.5
2,4,0.922,60
2,4,0.875,61.6
2,4,0.914,60.3
2,4,0.875,58.7
2,4,0.926,62
2,5,0.92,63.9
2,5,0.894,66.7
2,5,0.877,67.1
2,5,0.909,65.9
2,5,0.862,64.7
2,5,0.905,64
2,5,0.882,64.8
2,5,0.901,65.4
2,5,0.872,66.5
2,5,0.897,67.7
2,5,0.88,66.5
2,5,0.883,65.6
2,5,0.897,66.1
2,5,0.883,66.6
2,5,0.903,65.9
2,5,0.914,67.5
2,5,0.863,66
2,5,0.892,66.2
2,5,0.899,66.1
2,5,0.891,65.4
2,5,0.924,63.2
2,5,0.882,66.1
2,5,0.883,66.7
2,5,0.905,65.1
2,5,0.875,66.1
2,5,0.897,66.8
2,5,0.882,66.5
2,5,0.87,67.3
2,5,0.919,67
2,5,0.893,64.9
2,5,0.889,63.8
2,5,0.861,63.9
2,5,0.91,66.2
2,5,0.884,66.6
2,5,0.888,65
2,5,0.917,68.9
2,5,0.874,64.4
2,5,0.899,64.3
2,5,0.857,65.6
2,5,0.878,65.8
2,5,0.881,64.7
2,5,0.869,67
2,5,0.859,65.6
2,5,0.915,65.5
2,5,0.874,66.7
2,5,0.913,65.3
2,5,0.878,65.8
2,5,0.88,67.4
2,5,0.897,65.2
2,5,0.88,64.5
2,6,0.88,72.1
2,6,0.914,72.9
2,6,0.878,73.9
2,6,0.873,73.8
2,6,0.889,73.4
2,6,0.906,73.7
2,6,0.864,73.8
2,6,0.855,73.4
2,6,0.84,75.5
2,6,0.888,72.9
2,6,0.869,72
2,6,0.853,74.3
2,6,0.873,74.2
2,6,0.917,72.6
2,6,0.885,74
2,6,0.881,72.8
2,6,0.914,72.9
2,6,0.863,73.3
2,6,0.886,72.5
2,6,0.862,71.8
2,6,0.831,71.1
2,6,0.873,75.8
2,6,0.889,75.2
2,6,0.855,73.5
2,6,0.881,73.1
2,6,0.892,72
2,6,0.887,74.6
2,6,0.843,73.4
2,6,0.893,76.5
2,6,0.855,71.7
2,6,0.858,72.3
2,6,0.861,73.2
2,6,0.869,73.3
2,6,0.854,72.8
2,6,0.883,73.3
2,6,0.844,72.1
2,6,0.841,73.2
2,6,0.887,72.1
2,6,0.872,74.6
2,6,0.903,73.5
2,6,0.868,71.8
2,6,0.904,73.4
2,6,0.853,71.6
2,6,0.901,74.2
2,6,0.878,72.3
2,6,0.872,74.2
2,6,0.881,70.7
2,6,0.851,74.2
2,6,0.87,74.6
2,6,0.881,70.8
2,7,0.892,78.2
2,7,0.9,80.6
2,7,0.867,78
2,7,0.889,81.8
2,7,0.872,80.8
2,7,0.885,80.8
2,7,0.829,82.2
2,7,0.853,78.8
2,7,0.872,80.3
2,7,0.863,79.6
2,7,0.889,80.9
2,7,0.859,79
2,7,0.915,80.1
2,7,0.87,79.2
2,7,0.856,80.1
2,7,0.862,81.1
2,7,0.865,79.4
2,7,0.851,80.3
2,7,0.887,79.1
2,7,0.882,79.3
2,7,0.846,79.8
2,7,0.829,78.6
2,7,0.876,80.8
2,7,0.841,79.4
2,7,0.866,79.3
2,7,0.849,81.4
2,7,0.867,77.9
2,7,0.845,79.4
2,7,0.873,77.6
2,7,0.841,81.6
2,7,0.85,78
2,7,0.872,79.5
2,7,0.827,79.9
2,7,0.867,80.2
2,7,0.867,79.2
2,7,0.854,78.2
2,7,0.86,78.1
2,7,0.821,80.7
2,7,0.875,79.8
2,7,0.893,80.1
2,7,0.905,79.7
2,7,0.837,79.9
2,7,0.848,79.7
2,7,0.894,81.3
2,7,0.877,81.9
2,7,0.85,79.7
2,7,0.876,78.5
2,7,0.857,78.4
2,7,0.871,80.2
2,7,0.837,78.2
2,8,0.867,85.5
2,8,0.832,85.5
2,8,0.869,87.6
2,8,0.85,89.2
2,8,0.815,88.1
2,8,0.868,87.7
2,8,0.842,88.1
2,8,0.884,88.7
2,8,0.853,87
2,8,0.846,86.6
2,8,0.826,87
2,8,0.846,85.3
2,8,0.871,86.3
2,8,0.832,86.7
2,8,0.845,84.8
2,8,0.815,85.7
2,8,0.813,89.3
2,8,0.914,89
2,8,0.843,87.1
2,8,0.834,87.8
2,8,0.868,87.2
2,8,0.883,85.5
2,8,0.858,87.1
2,8,0.824,88.6
2,8,0.858,85.5
2,8,0.847,87.5
2,8,0.847,86.9
2,8,0.826,85.8
2,8,0.855,86.1
2,8,0.827,87.5
2,8,0.899,89.1
2,8,0.836,87.3
2,8,0.868,86.8
2,8,0.89,86.9
2,8,0.871,86.7
2,8,0.897,87.6
2,8,0.862,87.5
2,8,0.847,86
2,8,0.917,85.4
2,8,0.848,87.1
2,8,0.86,87.1
2,8,0.816,87.7
2,8,0.854,88.6
2,8,0.889,87
2,8,0.836,87.3
2,8,0.868,86
2,8,0.855,87.1
2,8,0.856,85.5
2,8,0.836,86.2
2,8,0.858,88.6
2,9,0.86,93.7
2,9,0.81,96.3
2,9,0.846,95.2
2,9,0.869,93.9
2,9,0.831,95.1
2,9,0.837,95.6
2,9,0.814,94
2,9,0.853,94.1
2,9,0.841,93.6
2,9,0.837,95.6
2,9,0.875,93.3
2,9,0.792,93.2
2,9,0.835,92.5
2,9,0.817,92.5
2,9,0.836,93.4
2,9,0.84,93.7
2,9,0.907,95.3
2,9,0.854,95.5
2,9,0.842,93.2
2,9,0.84,92.7
2,9,0.862,92.7
2,9,0.86,96.6
2,9,0.818,97.3
2,9,0.838,95.1
2,9,0.819,94.2
2,9,0.838,94
2,9,0.864,93.2
2,9,0.865,94.9
2,9,0.827,93.4
2,9,0.857,92.6
2,9,0.84,95.2
2,9,0.842,93.2
2,9,0.851,94.6
2,9,0.863,93.7
2,9,0.822,95.6
2,9,0.842,94.4
2,9,0.829,92.5
2,9,0.865,94.3
2,9,0.833,93.2
2,9,0.832,93.8
2,9,0.857,92.3
2,9,0.85,93.8
2,9,0.832,94.9
2,9,0.826,92.8
2,9,0.824,93.4
2,9,0.812,93.7
2,9,0.828,93.5
2,9,0.85,94.3
2,9,0.865,96.2
2,9,0.841,94.9
3,1,0.483,58.1
3,1,0.477,57.8
3,1,0.484,57
3,1,0.467,57
3,1,0.528,57.4
3,1,0.496,58.2
3,1,0.488,56.6
3,1,0.495,57.7
3,1,0.453,57.6
3,1,0.477,59
3,1,0.474,56.5
3,1,0.49,56.9
3,1,0.484,58.2
3,1,0.503,56.9
3,1,0.483,57.4
3,1,0.478,57.8
3,1,0.478,56.6
3,1,0.451,58.6
3,1,0.457,59.3
3,1,0.464,57.4
3,1,0.466,59.5
3,1,0.483,57.6
3,1,0.5,58.3
3,1,0.464,57.6
3,1,0.46,57.1
3,1,0.487,58.9
3,1,0.474,57.7
3,1,0.493,55.4
3,1,0.434,58.6
3,1,0.474,57.4
3,1,0.482,59.8
3,1,0.508,59.6
3,1,0.457,59
3,1,0.471,56.5
3,1,0.485,59
3,1,0.491,56.5
3,1,0.469,57
3,1,0.479,59.3
3,1,0.461,57.5
3,1,0.482,58.2
3,1,0.461,57.9
3,1,0.494,58.7
3,1,0.49,56.7
3,1,0.472,57.4
3,1,0.452,59.3
3,1,0.511,57.9
3,1,0.465,59.9
3,1,0.502,56.8
3,1,0.482,58.4
3,1,0.479,56.3
3,2,0.606,65.3
3,2,0.637,69.3
3,2,0.613,69
3,2,0.604,67.6
3,2,0.601,69.5
3,2,0.602,65.4
3,2,0.601,68.4
3,2,0.583,67.3
3,2,0.585,66.3
3,2,0.606,65.7
3,2,0.65,67.8
3,2,0.589,67.7
3,2,0.58,65.7
3,2,0.591,66.9
3,2,0.588,66.8
3,2,0.604,68.9
3,2,0.605,67.9
3,2,0.582,69.8
3,2,0.639,67.7
3,2,0.631,67.1
3,2,0.635,67.1
3,2,0.648,67.1
3,2,0.629,65.3
3,2,0.605,66.6
3,2,0.6,67.9
3,2,0.625,66.4
3,2,0.608,65.8
3,2,0.596,68.4
3,2,0.591,68.6
3,2,0.614,67.5
3,2,0.628,65.4
3,2,0.64,65.4
3,2,0.599,69
3,2,0.608,67.2
3,2,0.595,65.4
3,2,0.612,67
3,2,0.602,68.6
3,2,0.625,66.4
3,2,0.607,68.1
3,2,0.6,67.4
3,2,0.569,66.9
3,2,0.629,65
3,2,0.589,66.3
3,2,0.654,67.7
3,2,0.621,68.4
3,2,0.649,67.1
3,2,0.618,69.3
3,2,0.615,66.8
3,2,0.61,67.8
3,2,0.601,66.6
3,3,0.742,74.4
3,3,0.72,76.5
3,3,0.767,75.1
3,3,0.754,75.1
3,3,0.707,74.7
3,3,0.758,76.5
3,3,0.745,76.3
3,3,0.739,77.8
3,3,0.75,75.1
3,3,0.752,77.3
3,3,0.776,77.3
3,3,0.743,75.1
3,3,0.757,75.7
3,3,0.764,74.1
3,3,0.753,74.3
3,3,0.736,75.6
3,3,0.72,76.7
3,3,0.738,76.7
3,3,0.765,74.3
3,3,0.757,74.5
3,3,0.737,75.5
3,3,0.751,77.6
3,3,0.762,75.7
3,3,0.776,75.4
3,3,0.755,75.2
3,3,0.759,75.3
3,3,0.743,74.9
3,3,0.718,76.8
3,3,0.752,75.7
3,3,0.737,75.4
3,3,0.761,76.8
3,3,0.726,74.1
3,3,0.743,72.8
3,3,0.726,76.6
3,3,0.752,74.4
3,3,0.784,75.2
3,3,0.706,77.6
3,3,0.756,76.7
3,3,0.742,76.7
3,3,0.745,74.1
3,3,0.779,75.2
3,3,0.768,76.6
3,3,0.743,74.6
3,3,0.725,75.6
3,3,0.711,75.3
3,3,0.724,76
3,3,0.749,76
3,3,0.727,75.5
3,3,0.757,76.8
3,3,0.762,75.2
3,4,0.879,81.6
3,4,0.876,85.3
3,4,0.876,82.8
3,4,0.883,85.9
3,4,0.878,83.2
3,4,0.903,86.9
3,4,0.877,86.6
3,4,0.878,85.8
3,4,0.857,84.8
3,4,0.899,84.9
3,4,0.842,85.1
3,4,0.857,85.6
3,4,0.863,85.6
3,4,0.875,86.8
3,4,0.851,86.2
3,4,0.882,84.7
3,4,0.867,83.2
3,4,0.881,84.3
3,4,0.846,85
3,4,0.891,86.3
3,4,0.898,84.2
3,4,0.867,84.6
3,4,0.826,83.3
3,4,0.901,85.3
3,4,0.891,85.7
3,4,0.85,87.3
3,4,0.919,85.8
3,4,0.918,84.8
3,4,0.869,84.6
3,4,0.892,82.7
3,4,0.892,86
3,4,0.896,85.3
3,4,0.847,84.8
3,4,0.892,85.4
3,4,0.872,88.3
3,4,0.846,85.2
3,4,0.858,82.9
3,4,0.883,86.8
3,4,0.87,85.1
3,4,0.898,85.3
3,4,0.879,85.7
3,4,0.888,85.3
3,4,0.888,85.9
3,4,0.853,84.7
3,4,0.881,85.2
3,4,0.872,84.9
3,4,0.901,83.6
3,4,0.878,84.2
3,4,0.854,84.4
3,4,0.848,85.8
3,5,0.859,93.9
3,5,0.847,94
3,5,0.893,95.2
3,5,0.857,94.8
3,5,0.908,92.3
3,5,0.843,91.6
3,5,0.877,94.3
3,5,0.876,92.5
3,5,0.881,92.2
3,5,0.867,94.4
3,5,0.874,95.3
3,5,0.883,91.2
3,5,0.887,94.3
3,5,0.883,93.7
3,5,0.877,93.6
3,5,0.857,95.1
3,5,0.87,93.3
3,5,0.876,95
3,5,0.882,94.2
3,5,0.848,94.5
3,5,0.894,95.7
3,5,0.835,95.3
3,5,0.847,95.5
3,5,0.865,94
3,5,0.888,96
3,5,0.878,94
3,5,0.847,93.3
3,5,0.884,94.8
3,5,0.9,94.1
3,5,0.86,96.2
3,5,0.879,94.4
3,5,0.893,91.8
3,5,0.878,95.3
3,5,0.863,94.1
3,5,0.858,95.8
3,5,0.869,94.6
3,5,0.9,95.7
3,5,0.871,94.3
3,5,0.849,92.7
3,5,0.879,94.5
3,5,0.846,94.1
3,5,0.812,92.9
3,5,0.818,93.8
3,5,0.847,91.7
3,5,0.842,95.1
3,5,0.904,94.6
3,5,0.877,94.7
3,5,0.859,92.4
3,5,0.878,91.8
3,5,0.894,94.5
3,6,0.86,102.9
3,6,0.862,101.8
3,6,0.864,104.3
3,6,0.856,103.9
3,6,0.857,103.5
3,6,0.853,101.9
3,6,0.862,103.8
3,6,0.838,102.8
3,6,0.845,103.6
3,6,0.868,102.7
3,6,0.844,104.2
3,6,0.87,102.5
3,6,0.89,102.6
3,6,0.857,104.1
3,6,0.872,101.7
3,6,0.826,103.2
3,6,0.852,101.9
3,6,0.816,103.8
3,6,0.858,102.8
3,6,0.86,105.6
3,6,0.854,103.2
3,6,0.866,103.3
3,6,0.864,102.6
3,6,0.85,105.1
3,6,0.893,103.7
3,6,0.854,102
3,6,0.872,102.2
3,6,0.864,104.3
3,6,0.853,102.9
3,6,0.877,103.2
3,6,0.885,103.4
3,6,0.85,105.4
3,6,0.882,105
3,6,0.81,102.9
3,6,0.871,101.8
3,6,0.882,100.8
3,6,0.861,101.9
3,6,0.847,102.2
3,6,0.831,103.2
3,6,0.844,102.6
3,6,0.835,103.8
3,6,0.889,105.4
3,6,0.829,101.5
3,6,0.862,102.3
3,6,0.868,103.6
3,6,0.854,103.9
3,6,0.836,101.5
3,6,0.839,102.5
3,6,0.847,105.8
3,6,0.87,104.4
3,7,0.817,111
3,7,0.85,111.6
3,7,0.865,111.6
3,7,0.831,111.2
3,7,0.883,112.3
3,7,0.88,113
3,7,0.866,111.5
3,7,0.894,112.6
3,7,0.85,111.6
3,7,0.823,111.1
3,7,0.857,113
3,7,0.866,111
3,7,0.847,112
3,7,0.863,114.4
3,7,0.879,113.6
3,7,0.843,112.6
3,7,0.883,114
3,7,0.832,110.5
3,7,0.832,111.3
3,7,0.843,113.8
3,7,0.854,112
3,7,0.849,113
3,7,0.821,112.8
3,7,0.833,112.4
3,7,0.875,112.2
3,7,0.847,112.7
3,7,0.884,113.8
3,7,0.834,113
3,7,0.849,114
3,7,0.858,111.2
3,7,0.835,111.4
3,7,0.825,110.7
3,7,0.794,112.8
3,7,0.86,112.7
3,7,0.842,112.8
3,7,0.842,110.5
3,7,0.87,112.7
3,7,0.804,112.1
3,7,0.821,111
3,7,0.85,112.7
3,7,0.837,112
3,7,0.836,109.7
3,7,0.821,113.1
3,7,0.813,110.8
3,7,0.847,111.3
3,7,0.848,109.6
3,7,0.885,110.6
3,7,0.848,111.4
3,7,0.86,109.7
3,7,0.833,111.9
3,8,0.827,122.6
3,8,0.859,120.4
3,8,0.843,120.3
3,8,0.809,120.1
3,8,0.838,122.8
3,8,0.85,122.2
3,8,0.841,121
3,8,0.821,120.4
3,8,0.79,121.4
3,8,0.811,120.9
3,8,0.809,120.9
3,8,0.844,122.5
3,8,0.844,120.1
3,8,0.802,118.6
3,8,0.864,121.6
3,8,0.847,120.9
3,8,0.864,121.2
3,8,0.8,120.3
3,8,0.833,120
3,8,0.818,121.7
3,8,0.801,122.3
3,8,0.811,121.2
3,8,0.82,120.5
3,8,0.863,122.3
3,8,0.824,118.3
3,8,0.814,121.3
3,8,0.83,120.8
3,8,0.816,121.9
3,8,0.828,121.9
3,8,0.819,121.1
3,8,0.834,120.9
3,8,0.852,124
3,8,0.835,121.5
3,8,0.854,120.1
3,8,0.818,119.6
3,8,0.821,122.1
3,8,0.887,119.9
3,8,0.825,119.8
3,8,0.835,119.4
3,8,0.884,122.3
3,8,0.844,122.6
3,8,0.856,121
3,8,0.846,121
3,8,0.845,119.4
3,8,0.827,119.5
3,8,0.808,118.9
3,8,0.839,122.9
3,8,0.858,119.9
3,8,0.831,118.6
3,8,0.845,119.5
3,9,0.815,131.1
3,9,0.807,129.6
3,9,0.826,131.3
3,9,0.828,132.4
3,9,0.801,130.3
3,9,0.835,128.8
3,9,0.842,129.7
3,9,0.809,130.8
3,9,0.843,129.6
3,9,0.839,131.2
3,9,0.826,129.1
3,9,0.868,129.2
3,9,0.822,129.7
3,9,0.805,129.8
3,9,0.81,130.8
3,9,0.832,130.2
3,9,0.814,130.1
3,9,0.822,130.9
3,9,0.776,128.6
3,9,0.822,128.5
3,9,0.806,131.5
3,9,0.797,130.1
3,9,0.854,130.9
3,9,0.82,128.9
3,9,0.81,132.5
3,9,0.82,129
3,9,0.815,130.4
3,9,0.842,129.9
3,9,0.843,128.9
3,9,0.839,129.3
3,9,0.822,131.5
3,9,0.797,129.4
3,9,0.834,128.3
3,9,0.819,127.9
3,9,0.839,129.5
3,9,0.846,129.3
3,9,0.861,129.8
3,9,0.812,129.5
3,9,0.843,128.8
3,9,0.839,129.5
3,9,0.792,129.5
3,9,0.843,131.6
3,9,0.838,129.5
3,9,0.835,127.7
3,9,0.825,129.6
3,9,0.823,129.7
3,9,0.81,129.7
3,9,0.824,129.8
3,9,0.824,131
3,9,0.816,129.2
