FanLevel,SensorSensitivity,TrueDetectionRate,FalseAlarm,,,,,,,,,,,,,,
0,1,0,0,,,,,,,,,,,,,,
0,2,0,19.6,,,,,,,,,,,,,,
0,3,0.2,55.8,,,,,,,,,,,,,,
0,4,0.2,70,,,,,,,,,,,,,,
0,5,0.4,103.6,,,,,,,,,,,,,,
0,6,0.7,101.2,,,,,,,,,,,,,,
0,7,1,93.4,,,,,,,,,,,,,,
0,8,1,100.6,,,,,,,,,,,,,,
0,9,1,123.4,,,,,,,,,,,,,,
1,1,0,3.2,,,,,,,,,,,,,, 
1,2,0,36.4,,,,,,,,,,,,,,
1,3,0,45.5,,,,,,,,,,,,,,
1,4,0.06,82.4,,,,,,,,,,,,,,
1,5,0.5,74.8,,,,,,,,,,,,,,
1,6,0.9,66.4,,,,,,,,,,,,,,
1,7,0.9,176.4,,,,,,,,,,,,,,
1,8,1,583.4,,,,,,,,,,,,,,
1,9,1,419,,,,,,,,,,,,,,
2,1,0,28,,,,,,,,,,,,,,
2,2,0,111.6,,,,,,,,,,,,,,
2,3,0,142.4,,,,,,,,,,,,,,
2,4,0.2,176.25,,,,,,,,,,,,,,
2,5,0.8,200,,,,,,,,,,,,,,
2,6,0.7,270,,,,,,,,,,,,,,
2,7,1,722.6,,,,,,,,,,,,,,
2,8,1,1405.6,,,,,,,,,,,,,,
2,9,1,1375.6,,,,,,,,,,,,,,
3,1,0,22.4,,,,,,,,,,,,,,
3,2,0,117.8,,,,,,,,,,,,,,
3,3,0.2,336.4,,,,,,,,,,,,,,
3,4,0.2,833.8,,,,,,,,,,,,,,
3,5,0.9,850,,,,,,,,,,,,,,
3,6,0.95,1034.2,,,,,,,,,,,,,,
3,7,1,1531,,,,,,,,,,,,,,
3,8,1,1968.4,,,,,,,,,,,,,,
3,9,1,3034.4,,,,,,,,,,,,,,
