FanLevel,SensorSensitivity,CountAboveThreshold,FalseAlarm
0,1,0,0
0,1,0,0
0,1,0,0
0,1,0,0
0,1,0,0
0,2,0,10
0,2,0,39
0,2,0,18
0,2,0,17
0,2,0,14
0,3,0,85
0,3,0,27
0,3,0,77
0,3,0,16
0,3,0,74
0,4,0,86
0,4,0,79
0,4,0,48
0,4,0,68
0,4,0,69
0,5,0,110
0,5,0,79
0,5,0,167
0,5,0,70
0,5,19,92
0,6,0,82
0,6,21,78
0,6,63,160
0,6,30,113
0,6,11,73
0,7,21,99
0,7,23,59
0,7,16,89
0,7,20,112
0,7,16,108
0,8,23,119
0,8,36,103
0,8,27,86
0,8,33,128
0,8,12,67
0,9,24,118
0,9,44,131
0,9,68,145
0,9,43,120
0,9,29,103
1,1,0,0
1,1,0,0
1,1,0,16
1,1,0,0
1,1,0,0
1,2,0,39
1,2,0,9
1,2,0,69
1,2,0,43
1,2,0,22
1,3,0,22
1,3,0,25
1,3,0,72
1,3,0,63
1,3,0,0
1,4,0,37
1,4,0,90
1,4,0,107
1,4,0,91
1,4,0,87
1,5,0,43
1,5,24,55
1,5,3,49
1,5,8,85
1,5,40,142
1,6,2,33
1,6,42,132
1,6,24,51
1,6,18,60
1,6,24,56
1,7,35,143
1,7,41,361
1,7,36,104
1,7,35,93
1,7,24,181
1,8,7,270
1,8,10,713
1,8,50,974
1,8,109,504
1,8,73,456
1,9,50,566
1,9,81,393
1,9,39,335
1,9,68,382
1,9,0,0
2,1,0,76
2,1,0,0
2,1,0,9
2,1,0,55
2,1,0,0
2,2,0,85
2,2,0,224
2,2,0,106
2,2,0,65
2,2,0,78
2,3,0,79
2,3,0,117
2,3,0,236
2,3,0,109
2,3,0,171
2,4,0,138
2,4,0,271
2,4,0,101
2,4,0,195
2,4,0,0
2,5,35,82
2,5,12,33
2,5,7,98
2,5,41,105
2,5,6,70
2,6,5,266
2,6,0,144
2,6,4,263
2,6,7,338
2,6,20,339
2,7,13,866
2,7,26,1143
2,7,53,622
2,7,36,531
2,7,66,451
2,8,81,1311
2,8,28,929
2,8,61,1835
2,8,17,1657
2,8,73,1296
2,9,59,1548
2,9,96,1081
2,9,104,1477
2,9,37,1376
2,9,49,1396
3,1,0,100
3,1,0,0
3,1,0,0
3,1,0,0
3,1,0,12
3,2,0,187
3,2,0,97
3,2,0,155
3,2,0,84
3,2,0,66
3,3,14,535
3,3,0,230
3,3,0,206
3,3,0,255
3,3,0,456
3,4,12,855
3,4,0,1075
3,4,0,1128
3,4,0,542
3,4,0,569
3,5,0,881
3,5,0,722
3,5,0,345
3,5,0,278
3,5,0,346
3,6,20,1236
3,6,14,755
3,6,23,1337
3,6,10,988
3,6,8,855
3,7,43,1346
3,7,39,1587
3,7,77,1333
3,7,6,1703
3,7,40,1686
3,8,114,2046
3,8,65,1892
3,8,125,1830
3,8,116,1904
3,8,199,2170
3,9,202,2904
3,9,244,3183
3,9,400,3425
3,9,220,3089
3,9,202,2571
