FanLevel,SensorSensitivity,TrueDetection,FalseAlarm
0,1,0.0,0
0,1,0.0,0
0,1,0.0,0
0,1,0.0,0
0,1,0.0,0
0,2,1.0,10
0,2,1.0,39
0,2,1.0,18
0,2,0.5,17
0,2,0.5,14
0,3,1.0,85
0,3,1.0,27
0,3,1.0,77
0,3,1.0,16
0,3,1.0,74
0,4,1.0,86
0,4,1.0,79
0,4,1.0,48
0,4,1.0,68
0,4,1.0,69
0,5,1.0,110
0,5,1.0,79
0,5,1.0,167
0,5,1.0,70
0,5,1.0,92
0,6,1.0,82
0,6,1.0,78
0,6,1.0,160
0,6,1.0,113
0,6,1.0,73
0,7,1.0,99
0,7,1.0,59
0,7,1.0,89
0,7,1.0,112
0,7,1.0,108
0,8,1.0,119
0,8,1.0,103
0,8,1.0,86
0,8,1.0,128
0,8,1.0,67
0,9,1.0,118
0,9,1.0,131
0,9,1.0,145
0,9,1.0,120
0,9,1.0,103
1,1,0.0,0
1,1,0.0,0
1,1,0.333,16
1,1,0.0,0
1,1,0.0,0
1,2,1.0,39
1,2,0.5,9
1,2,1.0,69
1,2,1.0,43
1,2,1.0,22
1,3,1.0,22
1,3,1.0,25
1,3,1.0,72
1,3,1.0,63
1,3,,0
1,4,1.0,37
1,4,1.0,90
1,4,1.0,107
1,4,1.0,91
1,4,1.0,87
1,5,1.0,43
1,5,1.0,55
1,5,1.0,49
1,5,1.0,85
1,5,1.0,142
1,6,1.0,33
1,6,1.0,132
1,6,1.0,51
1,6,1.0,60
1,6,1.0,56
1,7,1.0,143
1,7,1.0,361
1,7,1.0,104
1,7,1.0,93
1,7,1.0,181
1,8,1.0,270
1,8,1.0,713
1,8,1.0,974
1,8,1.0,504
1,8,1.0,456
1,9,1.0,566
1,9,1.0,393
1,9,1.0,335
1,9,1.0,382
1,9,,0
2,1,0.5,76
2,1,0.0,0
2,1,0.333,9
2,1,1.0,55
2,1,0.0,0
2,2,1.0,85
2,2,1.0,224
2,2,1.0,106
2,2,1.0,65
2,2,1.0,78
2,3,1.0,79
2,3,1.0,117
2,3,1.0,236
2,3,1.0,109
2,3,1.0,171
2,4,1.0,138
2,4,1.0,271
2,4,1.0,101
2,4,1.0,195
2,4,,0
2,5,1.0,82
2,5,1.0,33
2,5,1.0,98
2,5,1.0,105
2,5,1.0,70
2,6,1.0,266
2,6,1.0,144
2,6,1.0,263
2,6,1.0,338
2,6,1.0,339
2,7,1.0,866
2,7,1.0,1143
2,7,1.0,622
2,7,1.0,531
2,7,1.0,451
2,8,1.0,1311
2,8,1.0,929
2,8,1.0,1835
2,8,1.0,1657
2,8,1.0,1296
2,9,1.0,1548
2,9,1.0,1081
2,9,1.0,1477
2,9,1.0,1376
2,9,1.0,1396
3,1,0.0,100
3,1,0.0,0
3,1,0.0,0
3,1,0.0,0
3,1,0.333,12
3,2,1.0,187
3,2,1.0,97
3,2,1.0,155
3,2,1.0,84
3,2,0.667,66
3,3,1.0,535
3,3,1.0,230
3,3,1.0,206
3,3,1.0,255
3,3,1.0,456
3,4,1.0,855
3,4,1.0,1075
3,4,1.0,1128
3,4,1.0,542
3,4,1.0,569
3,5,1.0,881
3,5,1.0,722
3,5,1.0,345
3,5,1.0,278
3,5,1.0,346
3,6,1.0,1236
3,6,1.0,755
3,6,1.0,1337
3,6,1.0,988
3,6,1.0,855
3,7,1.0,1346
3,7,1.0,1587
3,7,1.0,1333
3,7,1.0,1703
3,7,1.0,1686
3,8,1.0,2046
3,8,1.0,1892
3,8,1.0,1830
3,8,1.0,1904
3,8,1.0,2170
3,9,1.0,2904
3,9,1.0,3183
3,9,1.0,3425
3,9,1.0,3089
3,9,1.0,2571
