File,Threshold,CountAboveThreshold
o_0_1_20250902_211647_chunk1_0-25.csv,3633,0
o_0_1_20250902_211805_chunk3_50-75.csv,3633,0
o_0_1_20250902_211925_chunk2_25-50.csv,3633,0
o_0_1_20250902_212047_chunk1_0-25.csv,3633,0
o_0_1_20250902_212047_chunk2_25-50.csv,3633,0
o_0_2_20250902_212905_chunk3_50-75.csv,3633,0
o_0_2_20250902_213010_chunk1_0-25.csv,3633,0
o_0_2_20250902_213010_chunk2_25-50.csv,3633,0
o_0_2_20250902_213122_chunk1_0-25.csv,3633,0
o_0_2_20250902_213340_chunk1_0-25.csv,3633,0
o_0_3_20250902_214330_chunk1_0-25.csv,3633,0
o_0_3_20250902_214435_chunk2_25-50.csv,3633,0
o_0_3_20250902_214549_chunk2_25-50.csv,3633,0
o_0_3_20250902_214549_chunk3_50-75.csv,3633,0
o_0_3_20250902_214808_chunk1_0-25.csv,3633,0
o_0_4_20250902_215048_chunk2_25-50.csv,3633,0
o_0_4_20250902_215201_chunk1_0-25.csv,3633,0
o_0_4_20250902_215201_chunk3_50-75.csv,3633,0
o_0_4_20250902_215306_chunk1_0-25.csv,3633,0
o_0_4_20250902_215426_chunk3_50-75.csv,3633,0
o_0_5_20250902_215550_chunk1_0-25.csv,3633,0
o_0_5_20250902_215657_chunk1_0-25.csv,3633,0
o_0_5_20250902_215657_chunk2_25-50.csv,3633,0
o_0_5_20250902_215917_chunk2_25-50.csv,3633,0
o_0_5_20250902_220119_chunk2_25-50.csv,3633,19
o_0_6_20250902_220303_chunk2_25-50.csv,3633,0
o_0_6_20250902_220518_chunk1_0-25.csv,3633,21
o_0_6_20250902_220518_chunk2_25-50.csv,3633,63
o_0_6_20250902_220518_chunk3_50-75.csv,3633,30
o_0_6_20250902_220737_chunk1_0-25.csv,3633,11
o_0_7_20250902_221201_chunk3_50-75.csv,3633,21
o_0_7_20250902_221536_chunk1_0-25.csv,3633,23
o_0_7_20250902_221536_chunk3_50-75.csv,3633,16
o_0_7_20250902_221750_chunk3_50-75.csv,3633,20
o_0_7_20250902_221902_chunk3_50-75.csv,3633,16
o_0_8_20250902_222038_chunk3_50-75.csv,3633,23
o_0_8_20250902_222143_chunk2_25-50.csv,3633,36
o_0_8_20250902_222253_chunk3_50-75.csv,3633,27
o_0_8_20250902_222401_chunk3_50-75.csv,3633,33
o_0_8_20250902_222514_chunk1_0-25.csv,3633,12
o_0_9_20250902_222632_chunk1_0-25.csv,3633,24
o_0_9_20250902_222738_chunk3_50-75.csv,3633,44
o_0_9_20250902_222953_chunk1_0-25.csv,3633,68
o_0_9_20250902_222953_chunk3_50-75.csv,3633,43
o_0_9_20250902_223110_chunk3_50-75.csv,3633,29
o_1_1_20250903_110438_chunk1_0-25.csv,3633,0
o_1_1_20250903_110438_chunk2_25-50.csv,3633,0
o_1_1_20250903_110438_chunk3_50-75.csv,3633,0
o_1_1_20250903_110438_chunk4_75-100.csv,3633,0
o_1_1_20250903_110438_chunk5_100-125.csv,3633,0
o_1_2_20250903_110658_chunk1_0-25.csv,3633,0
o_1_2_20250903_110658_chunk2_25-50.csv,3633,0
o_1_2_20250903_110658_chunk3_50-75.csv,3633,0
o_1_2_20250903_110658_chunk4_75-100.csv,3633,0
o_1_2_20250903_110658_chunk5_100-125.csv,3633,0
o_1_3_20250903_110918_chunk2_25-50.csv,3633,0
o_1_3_20250903_110918_chunk3_50-75.csv,3633,0
o_1_3_20250903_110918_chunk4_75-100.csv,3633,0
o_1_3_20250903_110918_chunk5_100-125.csv,3633,0
o_1_3_20250903_110918_chunk6_125-150.csv,3633,0
o_1_4_20250903_111149_chunk1_0-25.csv,3633,0
o_1_4_20250903_111149_chunk2_25-50.csv,3633,0
o_1_4_20250903_111149_chunk3_50-75.csv,3633,0
o_1_4_20250903_111149_chunk4_75-100.csv,3633,0
o_1_4_20250903_111149_chunk5_100-125.csv,3633,0
o_1_5_20250903_111407_chunk1_0-25.csv,3633,0
o_1_5_20250903_111407_chunk2_25-50.csv,3633,24
o_1_5_20250903_111407_chunk3_50-75.csv,3633,3
o_1_5_20250903_111407_chunk4_75-100.csv,3633,8
o_1_5_20250903_111407_chunk5_100-125.csv,3633,40
o_1_6_20250903_111628_chunk1_0-25.csv,3633,2
o_1_6_20250903_111628_chunk2_25-50.csv,3633,42
o_1_6_20250903_111628_chunk3_50-75.csv,3633,24
o_1_6_20250903_111628_chunk4_75-100.csv,3633,18
o_1_6_20250903_111628_chunk5_100-125.csv,3633,24
o_1_7_20250903_111844_chunk1_0-25.csv,3633,35
o_1_7_20250903_111844_chunk2_25-50.csv,3633,41
o_1_7_20250903_111844_chunk3_50-75.csv,3633,36
o_1_7_20250903_111844_chunk4_75-100.csv,3633,35
o_1_7_20250903_111844_chunk5_100-125.csv,3633,24
o_1_8_20250903_112102_chunk1_0-25.csv,3633,7
o_1_8_20250903_112102_chunk2_25-50.csv,3633,10
o_1_8_20250903_112102_chunk3_50-75.csv,3633,50
o_1_8_20250903_112102_chunk4_75-100.csv,3633,109
o_1_8_20250903_112102_chunk5_100-125.csv,3633,73
o_1_9_20250903_112318_chunk1_0-25.csv,3633,50
o_1_9_20250903_112318_chunk3_50-75.csv,3633,81
o_1_9_20250903_112318_chunk4_75-100.csv,3633,39
o_1_9_20250903_112318_chunk5_100-125.csv,3633,68
o_1_9_20250903_112318_chunk6_125-150.csv,3633,0
o_2_1_20250903_141303_chunk1_0-25.csv,3633,0
o_2_1_20250903_141303_chunk2_25-50.csv,3633,0
o_2_1_20250903_141303_chunk3_50-75.csv,3633,0
o_2_1_20250903_141303_chunk4_75-100.csv,3633,0
o_2_1_20250903_141303_chunk5_100-125.csv,3633,0
o_2_2_20250903_141615_chunk1_0-25.csv,3633,0
o_2_2_20250903_141615_chunk2_25-50.csv,3633,0
o_2_2_20250903_141615_chunk3_50-75.csv,3633,0
o_2_2_20250903_141615_chunk4_75-100.csv,3633,0
o_2_2_20250903_141615_chunk5_100-125.csv,3633,0
o_2_3_20250903_141834_chunk1_0-25.csv,3633,0
o_2_3_20250903_141834_chunk2_25-50.csv,3633,0
o_2_3_20250903_141834_chunk3_50-75.csv,3633,0
o_2_3_20250903_141834_chunk4_75-100.csv,3633,0
o_2_3_20250903_141834_chunk5_100-125.csv,3633,0
o_2_4_20250903_142148_chunk2_25-50.csv,3633,0
o_2_4_20250903_142148_chunk3_50-75.csv,3633,0
o_2_4_20250903_142148_chunk4_75-100.csv,3633,0
o_2_4_20250903_142148_chunk5_100-125.csv,3633,0
o_2_4_20250903_142148_chunk6_125-150.csv,3633,0
o_2_5_20250903_145336_chunk1_0-25.csv,3633,35
o_2_5_20250903_145336_chunk2_25-50.csv,3633,12
o_2_5_20250903_145336_chunk3_50-75.csv,3633,7
o_2_5_20250903_145336_chunk4_75-100.csv,3633,41
o_2_5_20250903_145336_chunk5_100-125.csv,3633,6
o_2_6_20250903_145549_chunk1_0-25.csv,3633,5
o_2_6_20250903_145549_chunk2_25-50.csv,3633,0
o_2_6_20250903_145549_chunk3_50-75.csv,3633,4
o_2_6_20250903_145549_chunk4_75-100.csv,3633,7
o_2_6_20250903_145549_chunk5_100-125.csv,3633,20
o_2_7_20250903_145806_chunk1_0-25.csv,3633,13
o_2_7_20250903_145806_chunk2_25-50.csv,3633,26
o_2_7_20250903_145806_chunk3_50-75.csv,3633,53
o_2_7_20250903_145806_chunk4_75-100.csv,3633,36
o_2_7_20250903_145806_chunk5_100-125.csv,3633,66
o_2_8_20250903_150019_chunk1_0-25.csv,3633,81
o_2_8_20250903_150019_chunk2_25-50.csv,3633,28
o_2_8_20250903_150019_chunk3_50-75.csv,3633,61
o_2_8_20250903_150019_chunk4_75-100.csv,3633,17
o_2_8_20250903_150019_chunk5_100-125.csv,3633,73
o_2_9_20250903_150235_chunk1_0-25.csv,3633,59
o_2_9_20250903_150235_chunk2_25-50.csv,3633,96
o_2_9_20250903_150235_chunk3_50-75.csv,3633,104
o_2_9_20250903_150235_chunk4_75-100.csv,3633,37
o_2_9_20250903_150235_chunk5_100-125.csv,3633,49
o_3_1_20250903_153028_chunk1_0-25.csv,3633,0
o_3_1_20250903_153028_chunk2_25-50.csv,3633,0
o_3_1_20250903_153028_chunk3_50-75.csv,3633,0
o_3_1_20250903_153028_chunk4_75-100.csv,3633,0
o_3_1_20250903_153028_chunk5_100-125.csv,3633,0
o_3_2_20250903_153244_chunk1_0-25.csv,3633,0
o_3_2_20250903_153244_chunk2_25-50.csv,3633,0
o_3_2_20250903_153244_chunk3_50-75.csv,3633,0
o_3_2_20250903_153244_chunk4_75-100.csv,3633,0
o_3_2_20250903_153244_chunk5_100-125.csv,3633,0
o_3_3_20250903_153502_chunk1_0-25.csv,3633,14
o_3_3_20250903_153502_chunk2_25-50.csv,3633,0
o_3_3_20250903_153502_chunk3_50-75.csv,3633,0
o_3_3_20250903_153502_chunk4_75-100.csv,3633,0
o_3_3_20250903_153502_chunk5_100-125.csv,3633,0
o_3_4_20250903_153716_chunk1_0-25.csv,3633,12
o_3_4_20250903_153716_chunk2_25-50.csv,3633,0
o_3_4_20250903_153716_chunk3_50-75.csv,3633,0
o_3_4_20250903_153716_chunk4_75-100.csv,3633,0
o_3_4_20250903_153716_chunk5_100-125.csv,3633,0
o_3_5_20250903_153931_chunk1_0-25.csv,3633,0
o_3_5_20250903_153931_chunk2_25-50.csv,3633,0
o_3_5_20250903_153931_chunk3_50-75.csv,3633,0
o_3_5_20250903_153931_chunk4_75-100.csv,3633,0
o_3_5_20250903_153931_chunk5_100-125.csv,3633,0
o_3_6_20250903_154145_chunk1_0-25.csv,3633,20
o_3_6_20250903_154145_chunk2_25-50.csv,3633,14
o_3_6_20250903_154145_chunk3_50-75.csv,3633,23
o_3_6_20250903_154145_chunk4_75-100.csv,3633,10
o_3_6_20250903_154145_chunk5_100-125.csv,3633,8
o_3_7_20250903_154410_chunk1_0-25.csv,3633,43
o_3_7_20250903_154410_chunk2_25-50.csv,3633,39
o_3_7_20250903_154410_chunk3_50-75.csv,3633,77
o_3_7_20250903_154410_chunk4_75-100.csv,3633,6
o_3_7_20250903_154410_chunk5_100-125.csv,3633,40
o_3_8_20250903_154629_chunk1_0-25.csv,3633,114
o_3_8_20250903_154629_chunk2_25-50.csv,3633,65
o_3_8_20250903_154629_chunk3_50-75.csv,3633,125
o_3_8_20250903_154629_chunk4_75-100.csv,3633,116
o_3_8_20250903_154629_chunk5_100-125.csv,3633,199
o_3_9_20250903_154851_chunk1_0-25.csv,3633,202
o_3_9_20250903_154851_chunk2_25-50.csv,3633,244
o_3_9_20250903_154851_chunk3_50-75.csv,3633,400
o_3_9_20250903_154851_chunk4_75-100.csv,3633,220
o_3_9_20250903_154851_chunk5_100-125.csv,3633,202
